<?xml version="1.0" encoding="UTF-8"?>
<!DOCTYPE suite SYSTEM "http://testng.org/testng-1.0.dtd">
<suite thread-count="2" name="Failed suite [Regression]" parallel="classes">
  <test name="Test(failed)" parallel="classes">
    <classes>
      <class name="testscripts.scenario1.TC3">
        <methods>
          <include name="runTC3"/>
          <include name="testMethodSetup"/>
          <include name="suiteTearDown"/>
          <include name="suiteSetup"/>
          <include name="testMethodTearDown"/>
        </methods>
      </class> <!-- testscripts.scenario1.TC3 -->
      <class name="testscripts.scenario2.TC4">
        <methods>
          <include name="testMethodSetup"/>
          <include name="testMethodTearDown"/>
        </methods>
      </class> <!-- testscripts.scenario2.TC4 -->
      <class name="testscripts.scenario1.TC1">
        <methods>
          <include name="testMethodSetup"/>
          <include name="testMethodTearDown"/>
        </methods>
      </class> <!-- testscripts.scenario1.TC1 -->
      <class name="testscripts.scenario1.TC2">
        <methods>
          <include name="testMethodSetup"/>
          <include name="testMethodTearDown"/>
        </methods>
      </class> <!-- testscripts.scenario1.TC2 -->
    </classes>
  </test> <!-- Test(failed) -->
</suite> <!-- Failed suite [Regression] -->
