<?xml version="1.0" encoding="UTF-8"?>
<!DOCTYPE suite SYSTEM "http://testng.org/testng-1.0.dtd">
<suite name="Failed suite [Default suite]">
  <test name="Default test(failed)">
    <classes>
      <class name="testscripts.scenario1.TC3">
        <methods>
          <include name="runTC3"/>
          <include name="testMethodSetup"/>
          <include name="suiteTearDown"/>
          <include name="suiteSetup"/>
          <include name="testMethodTearDown"/>
        </methods>
      </class> <!-- testscripts.scenario1.TC3 -->
    </classes>
  </test> <!-- Default test(failed) -->
</suite> <!-- Failed suite [Default suite] -->
